1,Jason,Klein,JKlein@nd.edu,Computer Science and Engineering, 
2,Beulah,McMillan,BMcMillan@nd.edu,Aerospace Engineering, 
3,Florence,Stark,FStark@nd.edu,Computer Science and Engineering, 
4,Noah,Gilbertson,NGilbertson@nd.edu,Computer Science and Engineering, 
5,Erna,Parker,EParker@nd.edu,Computer Science and Engineering, 
6,Sherry,Santana,SSantana@nd.edu,Aerospace Engineering, 
7,Ronald,Lees,RLees@nd.edu,Mechanical Engineering, 
8,Latasha,Pratt,LPratt@nd.edu,Aerospace Engineering, 
9,Misty,Thomas,MThomas@nd.edu,Aerospace Engineering, 
10,Petra,Barlow,PBarlow@nd.edu,Mechanical Engineering, 
11,Bonnie,Hampton,PHampton@nd.edu,Mechanical Engineering, 
12,Dion,Matheson,DMatheson@nd.edu,Mechanical Engineering, 
13,Cesar,McCray,CMcCray@nd.edu,Computer Science and Engineering, 
14,Rickey,Cottle,Rcottle@nd.edu,Computer Science and Engineering, 
15,Fredrick,Markley,Fmarkley@nd.edu,Civil Engineering, 
16,Joshua,Bartels,Jbartels@nd.edu,Civil Engineering, 
17,Maribel,Parsons,Mparsons@nd.edu,Computer Science and Engineering, 
18,Erma,Ballard,Eballard@nd.edu,Computer Science and Engineering, 
19,Wilfred,Bevins,Wbevins@nd.edu,Computer Science and Engineering, 
20,Rogelio,Cazares,Rcazares@nd.edu,Computer Science and Engineering, 
21,Dixie,Morrison,Dmorrison@nd.edu,Civil Engineering, 
22,Williams,Bisson,Wbisson@nd.edu,Mechanical Engineering, 
23,Christie,Clayton,Cclayton@nd.edu,Mechanical Engineering, 
24,Angelina,Craig,Acraig@nd.edu,Mechanical Engineering, 
25,Earnest,Rome,Erome@nd.edu,Aerospace Engineering, 
26,Madeline,Sargent,Msargent@nd.edu,Computer Science and Engineering, 
27,Gene,Angulo,Gangulo@nd.edu,Computer Science and Engineering, 
28,Daphne,Bentley,Dbentley@nd.edu,Computer Science and Engineering, 
29,Dora,Montgomery,Dmontgomery@nd.edu,Computer Science and Engineering, 
30,Bertha,Nolan,Bnolan@nd.edu,Civil Engineering, 
31,Stacey,Foltz,Sfoltz@nd.edu,Civil Engineering, 
32,Wilma,Aguirre,Waguirre@nd.edu,Computer Science and Engineering, 
33,Forrest,Downes,Fdownes@nd.edu,Computer Science and Engineering, 
34,Noah,Roger,Nroger@nd.edu,Computer Science and Engineering, 
35,Tracy,Baxley,Tbaxley@nd.edu,Computer Science and Engineering, 
36,Federico,Fiore,FFiore@nd.edu,Computer Science and Engineering, 
37,Nancy,Mendoza,NMendoza@nd.edu,Computer Science and Engineering, 
38,Luther,Briley,LBriley@nd.edu,Computer Science and Engineering, 
39,Norbert,Lunn,NLunn@nd.edu,Computer Science and Engineering, 
40,Fidel,Obryan,FObryan@nd.edu,Mechanical Engineering, 
41,Byron,Montenegro,BMontenegro@nd.edu,Mechanical Engineering, 
42,Blaine,Dulaney,BDulaney@nd.edu,Aerospace Engineering, 
43,Dennis,Word,DWord@nd.edu,Civil Engineering, 
44,Coy,Whiteman,CWhiteman@nd.edu,Civil Engineering, 
45,Rosie,Ingram,RIngram@nd.edu,Computer Science and Engineering, 
46,Anita,Miranda,AMiranda@nd.edu,Computer Science and Engineering, 
47,Jerri,Noel,JNoel@nd.edu,Computer Science and Engineering, 
48,Dona,Small,DSmall@nd.edu,Computer Science and Engineering, 
49,Erik,Theriault,ETheriault@nd.edu,Computer Science and Engineering, 
50,Earnestine,Mosley,Emosley@nd.edu,Computer Science and Engineering, 
51,Jimmie,Petty,JPetty@nd.edu,Computer Science and Engineering, 
52,Burton,Saul,BSaul@nd.edu,Computer Science and Engineering, 
53,Juanita,Hardy,JHardy@nd.edu,Civil Engineering, 
54,Benny,Vanover,BVanover@nd.edu,Civil Engineering, 
55,Harrison,Badillo,HBadillo@nd.edu,Mechanical Engineering, 
56,Jorge,Bevins,JBevins@nd.edu,Mechanical Engineering, 
57,Briana,Tyson,BTyson@nd.edu,Mechanical Engineering, 
58,Shelby,Abbott,SAbbott@nd.edu,Computer Science and Engineering, 
59,Carlos,Lauer,CLauer@nd.edu,Computer Science and Engineering, 
60,Kristi,Kaufman,KKaufman@nd.edu,Computer Science and Engineering, 
61,Sophia,Wilder,SWilder@nd.edu,Computer Science and Engineering, 
62,Angelita,Valentine,AValentine@nd.edu,Aerospace Engineering, 
63,Dexter,Wyant,DWyant@nd.edu,Computer Science and Engineering, 
64,Monique,McMillan,MMcMillan@nd.edu,Computer Science and Engineering, 
65,Miles,Runyan,MRunyan@nd.edu,Computer Science and Engineering, 
66,Liza,Grimes,LGrimes@nd.edu,Computer Science and Engineering, 
67,Mara,Alford,MAlford@nd.edu,Aerospace Engineering, 
68,Alison,Ochoa,AOchoa@nd.edu,Computer Science and Engineering, 
69,Leslie,Navarro,LNavarro@nd.edu,Computer Science and Engineering, 
70,Jo,Ochoa,JOchoa@nd.edu,Computer Science and Engineering, 
71,Jacklyn,Steele,JSteele@nd.edu,Computer Science and Engineering, 
72,Karyn,Dale,KDale@nd.edu,Aerospace Engineering, 
73,Ines,Meyers,IMeyers@nd.edu,Civil Engineering, 
74,Vincent,Doucette,VDoucette@nd.edu,Computer Science and Engineering, 
75,Noemi,Chase,NChase@nd.edu,Computer Science and Engineering, 
76,Daryl,Flemming,DFlemming@nd.edu,Computer Science and Engineering, 
77,Winnie,Carson,WCarson@nd.edu,Computer Science and Engineering, 
78,Ilene,Valentine,IValentine@nd.edu,Civil Engineering, 
79,Alton,Wooley,AWooley@nd.edu,Aerospace Engineering, 
80,Lizzie,Stokes,LStokes@nd.edu,Civil Engineering, 
81,Amos,Crumpton,ACrumpton@nd.edu,Mechanical Engineering, 
82,Belinda,Orr,BOrr@nd.edu,Civil Engineering, 
83,Desiree,Hawkins,DHawkins@nd.edu,Computer Science and Engineering, 
84,Dane,McCullough,DMcCullough@nd.edu,Computer Science and Engineering, 
85,Genevieve,Cole,GCole@nd.edu,Computer Science and Engineering, 
86,Ramiro,Skeen,RSkeen@nd.edu,Computer Science and Engineering, 
